habitats,emmean,SE,asymp.LCL,asymp.UCL,emmean2,SE2,asymp.LCL2,asymp.UCL2
saline,-1.7740598921286541,0.14324821159551437,-2.0548212277056352,-1.493298556551673,2.7725887222397847,0.05455447123874518,2.665663923416218,2.8795135210633513
complex,-1.0330150061822954,0.2541027354465522,-1.531047216030647,-0.5349827963339437,3.384390263345777,0.13018891098082425,3.1292246866368703,3.6395558400546837
dry,-2.467829388969807,0.046485414309216225,-2.5589391268222936,-2.3767196511173205,3.781154730223108,0.01299468625944737,3.755685613164194,3.8066238472820224
wet,-3.3557350075853978,0.5873340108575174,-4.506888515761588,-2.204581499409207,3.7612001156935664,0.10783277320343848,3.549851763861751,3.9725484675253817
mesic,-3.5343499146496393,0.21628870843803377,-3.9582679934508698,-3.110431835848409,4.060443010546422,0.036417852036433156,3.989065332160704,4.131820688932139
fringe,-5.820082930352353,1.0014825040717619,-7.782952569479994,-3.8572132912247117,3.874172781297051,0.05447347107028292,3.767406739886412,3.9809388227076896
alpine,-5.655991810811449,1.0017446802000365,-7.619375305708115,-3.692608315914784,3.258096538021485,0.059131239595625065,3.142201438052851,3.3739916379901187
