"","scale","Plot_number","non_native","percent_plots_alien","invasive","percent_plots_invasive","archaeophyte","percent_plots_archaeophyte","neophyte","percent_plots_neophyte"
"1",0.001,364,35,9.61538461538461,5,1.37362637362637,34,9.34065934065934,1,0.274725274725275
"2",0.01,379,72,18.9973614775726,11,2.9023746701847,66,17.4142480211082,7,1.84696569920844
"3",0.1,381,124,32.5459317585302,35,9.18635170603675,101,26.509186351706,30,7.8740157480315
"4",1,382,161,42.1465968586387,53,13.8743455497382,135,35.3403141361257,48,12.565445026178
"5",10,382,228,59.6858638743456,105,27.4869109947644,188,49.2146596858639,90,23.5602094240838
"6",100,191,146,76.4397905759162,86,45.0261780104712,122,63.8743455497382,82,42.9319371727749
